a b axis,boymoder,cuntboy,gayest,lobby gay,rent boy
ab axis,brown piper,dairy air,gaylord,longitudinal plane,repressor
abnormal,brownie king,dairy aire,gay mafia,male sexuality,retrolateral
aboral,bufter,deadnam*,gaymen,malefail,rostralward
AIDS,bufty,degenerate,gaynal,mammary line,sagital*
altersex,bugger*,derierre,gayness,man love,same sex
anal insertive,bull dyke,deviant,gayrope,marmango,same-gender attraction
anal intercourse,bum boy,deviate,gender disguise,mid-clavicular line,sex anal
anal penetration,bum*,dickgirl,gentlelady,mid-inguinal point,sexo-Ã¦sthetic inversion
anal receptive,bum chums,dike,gentlewoman,mid-pupillary line,sexuality of the human male
anal secks,bum fuck,dionism,getting it in the ass,mid-ventral line,shemale
anal seks,bumming,distally,gey,mincer,shirtlifter
anal sex,bum secks,distare,ghey,MLM,shman
anal stimulation,bum seks,dorsal,gluteal region,muff diver,sissy
anal virginity,bum sex,dorso* ,glutealregion,namby-pamby,skoliosexual
anatomic directions,bundaist,drag artist*,groom*,nancy boy,society for individual rights
anatomic position,bussy,drag peformance,gynemimetophile,nigger fag,sodom*
anatomical direction*,butch,drag queen*,gynosodomy,noblewoman,subcaudal
anatomical term*,butsecks,drag show,having anal,oblique plane,subplantar
antomical location,butt boy,dyke,hermie,paederast*,suck a dick
zootomical location,butt cheek,dykon,heshe,paiderastia,sucking each other's dick
anial sex,butt fuck,effeminate,he-she,pansies,sucks dick
anomalous,butt fucker,enby,hind end,pansy,take it in the rear
anterial,butt fucking,eonism,hindquarter,papillary axis,take it up the ass
anterior axillary line,butt pilot,f. vulgare,hiney,pars lateralis,take it up the bum
anteriorly,butt pirate,fag,HIV,pars medialis,TERF
antero*,butt rustler,fagala,ho yay,peccatum contra naturam,t-girl
antero-posteriorly,butt*,fagbag,homintern,pedarast*,that's gay
antever*,buttock*,fagdick,homo*,pederasty,took it in the bum
apical,buttocks,faggedy,homoerotic*,pedicare,took it in the rear
arse bandit,buttox,faggot*,homophil*,pedication,took it up the ass
ass raped,butt pirate,faggy,homophob*,peeress,tooshie
ass cheeks,butt sachs,fagot,homosex*,penile-anal sex,tranny
ass fuck*,butt secks,fagshit,hoyay,pidor,tranny chaser
assplay,butt seks,fairy,in vase indebito,pillow princess,trans*
ass sex,butt sex,fanny,ipsilateral,planes of motion,transfestites
atypical,buttucks,fayg*,keaster,ponce,transvest*
backside,butty boy,female illusionist,keister,poof*,troon
badonkadonk,byke,female impersonation,khanith,poove,tryke
bathhouse,caudal,female impersonator,kiki,posterior*,tuches
batimen,caudally,female masking,kitty puncher,postero-anterior,tuffier's line
batty boy,chi chi*,femboy,knobbly stick,pouf,twink*
batty bwoy,chickenhawk,fennel,ladyboy,poz,underpart
batty men,child molester,finger up the bum,lavender mafia,pride,unnatural
batty man,cisbian,finocchio,lbmt,prolateral,unprotected anal
battywoy,cishet,fisting,league for civil education,proximal*,uphill gardener
bean flicker,closet*,flamer,lesbian,proximo-distal*,upperparts
bean queen,cockstruction worker,foeniculi fructus,lesbo,puff*,velvet mafia
bender,cocksucker,foeniculum vulgare,lezza,pussy puncher,ventral
bent,colon sex,fourth point of contact,lezzer,pussyboy,ventrolateral
bisexual,contralateral,frontal,lezzing,queen,volar pads
bluff,copenhagen capoon,fruit*,lgbt,queer*,volar surface
body axis,coronal view,fudge pack*,light in loafers,radial deviation,woofter
boi,cottaging,fundament,light in the fedora,radioulnar,zootomical terms
booty buffer,cranially,fvulgare,light in the pants,rainbow,
boy lovers,crossdress*,gay*,lmbt,rectal sex,
,,,,,
,,,,,
,,,,,
,,,,,
,,,,,
,,,,,
,,,,,
,,,,,
,,,,,
,,,,,
,,,,,
,,,,,
,,,,,
,,,,,
,,,,,
,,,,,
,,,,,
,,,,,
,,,,,
,,,,,
,,,,,
,,,,,
,,,,,
,,,,,
,,,,,
,,,,,
,,,,,
,,,,,
,,,,,
,,,,,
,,,,,
,,,,,
,,,,,
,,,,,
,,,,,
,,,,,
,,,,,
,,,,,
,,,,,
,,,,,
,,,,,
,,,,,
,,,,,
,,,,,
,,,,,
,,,,,
,,,,,
,,,,,
,,,,,
,,,,,
,,,,,
,,,,,
,,,,,
,,,,,
,,,,,
,,,,,
,,,,,
,,,,,
,,,,,
,,,,,
,,,,,
,,,,,
,,,,,
,,,,,
,,,,,
,,,,,
,,,,,
,,,,,
,,,,,
,,,,,
,,,,,
,,,,,
,,,,,
,,,,,
,,,,,
,,,,,
,,,,,
,,,,,
,,,,,
,,,,,
,,,,,
,,,,,
,,,,,
,,,,,
,,,,,
,,,,,
,,,,,
,,,,,
,,,,,
,,,,,
,,,,,
,,,,,
,,,,,
,,,,,
,,,,,
,,,,,
,,,,,
,,,,,
,,,,,
,,,,,
,,,,,
,,,,,
,,,,,
,,,,,
,,,,,
,,,,,
,,,,,
,,,,,
,,,,,
,,,,,
,,,,,
,,,,,
,,,,,
,,,,,
,,,,,
,,,,,
,,,,,
,,,,,
,,,,,
,,,,,
,,,,,
,,,,,
,,,,,
,,,,,
,,,,,
,,,,,
,,,,,
,,,,,
,,,,,
,,,,,
,,,,,
,,,,,
,,,,,
,,,,,
,,,,,
,,,,,
,,,,,
,,,,,
,,,,,
,,,,,
,,,,,
,,,,,
,,,,,
,,,,,
,,,,,
,,,,,
,,,,,
,,,,,
,,,,,
,,,,,
,,,,,
,,,,,
,,,,,
,,,,,
,,,,,
,,,,,
,,,,,
,,,,,
,,,,,
,,,,,
,,,,,
,,,,,
,,,,,
,,,,,
,,,,,
,,,,,
,,,,,
,,,,,
,,,,,
,,,,,
,,,,,
,,,,,
,,,,,
,,,,,
,,,,,
,,,,,
,,,,,
,,,,,
,,,,,
,,,,,
,,,,,
,,,,,
,,,,,
,,,,,
,,,,,
,,,,,
,,,,,
,,,,,
,,,,,
,,,,,
,,,,,
,,,,,
,,,,,
,,,,,
,,,,,
,,,,,
,,,,,
,,,,,
,,,,,
,,,,,
,,,,,
,,,,,
,,,,,
,,,,,
,,,,,
,,,,,
,,,,,
,,,,,
,,,,,
,,,,,
,,,,,
,,,,,
,,,,,
,,,,,
,,,,,
,,,,,
,,,,,
,,,,,
,,,,,
,,,,,
,,,,,
,,,,,
,,,,,
,,,,,
,,,,,
,,,,,
,,,,,
,,,,,
,,,,,
,,,,,
,,,,,
,,,,,
,,,,,
,,,,,
,,,,,
,,,,,
,,,,,
,,,,,
,,,,,
,,,,,
,,,,,
,,,,,
,,,,,
,,,,,
,,,,,
,,,,,
,,,,,
,,,,,
,,,,,
,,,,,
,,,,,
,,,,,
,,,,,
,,,,,
,,,,,
,,,,,
,,,,,
,,,,,
,,,,,
,,,,,
,,,,,
,,,,,
,,,,,
,,,,,
,,,,,
,,,,,
,,,,,
,,,,,
,,,,,
,,,,,
,,,,,
,,,,,
,,,,,
,,,,,
,,,,,
,,,,,
,,,,,
,,,,,
,,,,,
,,,,,
,,,,,
,,,,,
,,,,,
55.83333333,,,,,
,,,,56.5,
